<?xml version="1.0" encoding="UTF-8"?>
<project-private xmlns="http://www.netbeans.org/ns/project-private/1">
    <editor-bookmarks xmlns="http://www.netbeans.org/ns/editor-bookmarks/2" lastBookmarkId="0"/>
    <open-files xmlns="http://www.netbeans.org/ns/projectui-open-files/2">
        <group>
            <file>file:/C:/wamp64/www/entreprises/view/layout/default.php</file>
            <file>file:/C:/wamp64/www/entreprises/controller/EtudiantController.php</file>
            <file>file:/C:/wamp64/www/entreprises/view/user/login.php</file>
            <file>file:/C:/wamp64/www/entreprises/view/etudiant/listeCR.php</file>
            <file>file:/C:/wamp64/www/entreprises/controller/ProfController.php</file>
            <file>file:/C:/wamp64/www/entreprises/view/etudiant/info.php</file>
            <file>file:/C:/wamp64/www/entreprises/view/prof/affilEtu.php</file>
        </group>
    </open-files>
</project-private>
